<?xml version="1.0" encoding="UTF-8"?>
<urn:OAuthConfig enableOAuth="true" authzCodeLength="30" authzCodeTimeout="60" restrictPlainPKCE="false" includeIssuerInAuthzResponse="false" rollRefreshTokens="false" refreshTokenRollingGracePeriod="0" rollingInterval="0" refreshTokenLength="42" atmIdForOAuthGrantManagement="" scopeForOAuthGrantManagement="" globalPersistentGrantExpirationTime="-1" globalPersistentGrantExpirationTimeUnit="d" globalPersistentGrantIdleTimeout="30" globalPersistentGrantIdleTimeoutTimeUnit="d" tokenEndpointBaseUrl="" userAuthzUrl="" registeredAuthzPath="" pendingAuthzTimeout="600" bypassActivationCodeConfirmation="false" devicePollingInterval="5" activationCodeCheckMode="AFTER_AUTHENTICATION" clientSecretRetentionPeriod="0" authzConsentSetting="" externalConsentAdapterId="" returnedScopeAttributeName="" returnedAuthorizationDetailsAttributeName="" parTimeout="60" parRefLength="24" parStatus="ENABLED" allowUnidentifiedClientROCreds="false" allowUnidentifiedClientExtensionGrants="false" jwtSecuredAuthorizationResponseModeLifetime="600" xmlns:urn="urn:pingidentity.com:pf:oauth:conf">
    <urn:UserKeyToAccessTokenMapping contextId="default" tokenManagerId="JSONWebToken">
        <urn1:AttributeMap Name="sub" Type="Persistent Grant" xmlns:urn1="urn:sourceid.org:saml2:metadata-extension:v2">
            <urn1:ValueText>USER_KEY</urn1:ValueText>
        </urn1:AttributeMap>
        <urn1:TokenAuthorizationIssuanceCriteria xmlns:urn1="urn:sourceid.org:saml2:metadata-extension:v2"/>
    </urn:UserKeyToAccessTokenMapping>
    <urn:AdapterToUserKeyMapping sourcePluginId="HTMLformadapter">
        <urn1:AttributeMap Name="USER_NAME" Type="Adapter" xmlns:urn1="urn:sourceid.org:saml2:metadata-extension:v2">
            <urn1:ValueText>cn</urn1:ValueText>
        </urn1:AttributeMap>
        <urn1:AttributeMap Name="USER_KEY" Type="Adapter" xmlns:urn1="urn:sourceid.org:saml2:metadata-extension:v2">
            <urn1:ValueText>entryUUID</urn1:ValueText>
        </urn1:AttributeMap>
        <urn1:TokenAuthorizationIssuanceCriteria xmlns:urn1="urn:sourceid.org:saml2:metadata-extension:v2"/>
    </urn:AdapterToUserKeyMapping>
    <urn:ReuseExistingPersistentGrantForGrant>implicit</urn:ReuseExistingPersistentGrantForGrant>
    <urn:allowedOrigins>https://delegator.likemindsdemo.com:1443/</urn:allowedOrigins>
    <urn:allowedOrigins>https://delegator.likemindsdemo.com:1443/delegator</urn:allowedOrigins>
    <urn:allowedOrigins>https://delegator.likemindsdemo.com:1443</urn:allowedOrigins>
    <urn:allowedOrigins>https://delegator.likemindsdemo.com:*</urn:allowedOrigins>
</urn:OAuthConfig>