<?xml version="1.0" encoding="UTF-8"?>
<sk:systemKeys xmlns:sk="http://pingidentity.com/2018/01/system-keys">
    <sk:currentKey>
        <sk:key>eyJhbGciOiJkaXIiLCJlbmMiOiJBMTI4Q0JDLUhTMjU2Iiwia2lkIjoiOU81REN5bFlBaSIsInZlcnNpb24iOiIxMS4xLjIuMCIsInppcCI6IkRFRiJ9..pNTh1ri9eyVaGskm47j4Rw.I5SgzQ8ttvuUZCYOFwul_mC56xQ7Gs2bPHFx9q0g5SpBaWAyf_yKqiV42JkZB595.F8fOIqnY8nj-yoKKaL4A_w</sk:key>
        <sk:generatedTime>2022-11-15T14:32:56.287Z</sk:generatedTime>
    </sk:currentKey>
    <sk:previousKey xsi:nil="true" xmlns:xsi="http://www.w3.org/2001/XMLSchema-instance"/>
    <sk:pendingKey>
        <sk:key>eyJhbGciOiJkaXIiLCJlbmMiOiJBMTI4Q0JDLUhTMjU2Iiwia2lkIjoiOU81REN5bFlBaSIsInZlcnNpb24iOiIxMS4xLjIuMCIsInppcCI6IkRFRiJ9..XdjSkNc8um_qHBL8gk7vUg.-NTW5p_cEeFkwLhw4ye0n525mQTXJt9UUM74NFJMd5XJ-ax3LfMn-OgdvAOduqtN.O9YgxBmvoENUSPGliA2oAw</sk:key>
        <sk:generatedTime>2022-11-15T14:32:56.287Z</sk:generatedTime>
    </sk:pendingKey>
</sk:systemKeys>