<?xml version="1.0" encoding="UTF-8"?>
<sk:systemKeys xmlns:sk="http://pingidentity.com/2018/01/system-keys">
    <sk:currentKey>
        <sk:key>eyJhbGciOiJkaXIiLCJlbmMiOiJBMTI4Q0JDLUhTMjU2Iiwia2lkIjoiV0E3czU0blN3MCIsInZlcnNpb24iOiIxMS4yLjIuMCIsInppcCI6IkRFRiJ9..fkBSDFE-ludtOg5s5GUtAQ.fokmdTQiBJttmfGskrr-CRJqfaqvsJGTliunZHf1jw8HBiopLQft5sQZSYm80hW3.7JMd5XF5Q8-dYZZDdjys8A</sk:key>
        <sk:generatedTime>2023-02-27T23:24:28.048Z</sk:generatedTime>
    </sk:currentKey>
    <sk:previousKey xsi:nil="true" xmlns:xsi="http://www.w3.org/2001/XMLSchema-instance"/>
    <sk:pendingKey>
        <sk:key>eyJhbGciOiJkaXIiLCJlbmMiOiJBMTI4Q0JDLUhTMjU2Iiwia2lkIjoiV0E3czU0blN3MCIsInZlcnNpb24iOiIxMS4yLjIuMCIsInppcCI6IkRFRiJ9..dOM569Kn3lTs2a84EHjEPw.3j-YJ8JV-NLpyK4F1SOVg4QX272lFDls-Vo0uH0eFPyIfqZCyGLc96U2Ddhsnq5W.jf35oBT6WLLnbu40_xneOQ</sk:key>
        <sk:generatedTime>2023-02-27T23:24:28.048Z</sk:generatedTime>
    </sk:pendingKey>
</sk:systemKeys>