<?xml version="1.0" encoding="UTF-8"?>
<dep:dependencyErrors xmlns:dep="http://pingidentity.com/2006/01/dependency-errors">
    <dep:dependencyErrorType>
        <dep:causedByType>SP_CONNECTION</dep:causedByType>
        <dep:affectedInstanceId>Protocol Settings</dep:affectedInstanceId>
        <dep:affectedInstanceType>PROTOCOL_SETTINGS</dep:affectedInstanceType>
        <dep:causedByInstanceId>WpjARojSprANOThgZ8EOLLJ7dau</dep:causedByInstanceId>
    </dep:dependencyErrorType>
</dep:dependencyErrors>