<?xml version="1.0" encoding="UTF-8"?>
<urn:AccessTokenManagerConfiguration inheritAccessControlSettings="false" inheritSelectionSettings="false" inheritSessionValidationSettings="false" restrictClients="false" includeSessionIdentifier="true" checkSessionRevocationStatus="true" checkValidAuthnSession="true" updateAuthnSessionActivity="true" defaultSubjectAttribute="" isInheritExtendedContractAttributes="false" name="JSONWebToken" xmlns:urn="urn:sourceid.org:saml2:adapter:conf">
    <urn:Fields>
        <urn:Field name="Token Lifetime">120</urn:Field>
        <urn:Field name="Use Centralized Signing Key">false</urn:Field>
        <urn:Field name="JWS Algorithm">RS256</urn:Field>
        <urn:Field name="Active Symmetric Key ID"/>
        <urn:Field name="Active Signing Certificate Key ID">jwt</urn:Field>
        <urn:Field name="JWE Algorithm"/>
        <urn:Field name="JWE Content Encryption Algorithm"/>
        <urn:Field name="Active Symmetric Encryption Key ID"/>
        <urn:Field name="Asymmetric Encryption Key"/>
        <urn:Field name="Asymmetric Encryption JWKS URL"/>
        <urn:Field name="Enable Token Revocation">false</urn:Field>
        <urn:Field name="Include Key ID Header Parameter">true</urn:Field>
        <urn:Field name="Include X.509 Thumbprint Header Parameter">false</urn:Field>
        <urn:Field name="Default JWKS URL Cache Duration">720</urn:Field>
        <urn:Field name="Include JWE Key ID Header Parameter">true</urn:Field>
        <urn:Field name="Include JWE X.509 Thumbprint Header Parameter">false</urn:Field>
        <urn:Field name="Client ID Claim Name">client_id</urn:Field>
        <urn:Field name="Scope Claim Name">scope</urn:Field>
        <urn:Field name="Space Delimit Scope Values">true</urn:Field>
        <urn:Field name="Authorization Details Claim Name">authorization_details</urn:Field>
        <urn:Field name="Issuer Claim Value"/>
        <urn:Field name="Audience Claim Value"/>
        <urn:Field name="JWT ID Claim Length">22</urn:Field>
        <urn:Field name="Access Grant GUID Claim Name"/>
        <urn:Field name="JWKS Endpoint Path">/directoryjwks</urn:Field>
        <urn:Field name="JWKS Endpoint Cache Duration">720</urn:Field>
        <urn:Field name="Publish Key ID X.509 URL">false</urn:Field>
        <urn:Field name="Publish Thumbprint X.509 URL">false</urn:Field>
        <urn:Field name="Expand Scope Groups">false</urn:Field>
        <urn:Field name="Type Header Value"/>
    </urn:Fields>
    <urn:AdvancedFields>
        <urn:Field name="Include Key ID Header Parameter">true</urn:Field>
        <urn:Field name="Include X.509 Thumbprint Header Parameter">false</urn:Field>
        <urn:Field name="Default JWKS URL Cache Duration">720</urn:Field>
        <urn:Field name="Include JWE Key ID Header Parameter">true</urn:Field>
        <urn:Field name="Include JWE X.509 Thumbprint Header Parameter">false</urn:Field>
        <urn:Field name="Client ID Claim Name">client_id</urn:Field>
        <urn:Field name="Scope Claim Name">scope</urn:Field>
        <urn:Field name="Space Delimit Scope Values">true</urn:Field>
        <urn:Field name="Authorization Details Claim Name">authorization_details</urn:Field>
        <urn:Field name="Issuer Claim Value"/>
        <urn:Field name="Audience Claim Value"/>
        <urn:Field name="JWT ID Claim Length">22</urn:Field>
        <urn:Field name="Access Grant GUID Claim Name"/>
        <urn:Field name="JWKS Endpoint Path">/directoryjwks</urn:Field>
        <urn:Field name="JWKS Endpoint Cache Duration">720</urn:Field>
        <urn:Field name="Publish Key ID X.509 URL">false</urn:Field>
        <urn:Field name="Publish Thumbprint X.509 URL">false</urn:Field>
        <urn:Field name="Expand Scope Groups">false</urn:Field>
        <urn:Field name="Type Header Value"/>
    </urn:AdvancedFields>
    <urn:Tables>
        <urn:Table name="Symmetric Keys"/>
        <urn:Table name="Certificates">
            <urn:Row defaultRow="false">
                <urn:Field name="Key ID">jwt</urn:Field>
                <urn:Field name="Certificate">2ttg99h4hkta95wbmz695gh8m</urn:Field>
            </urn:Row>
        </urn:Table>
    </urn:Tables>
    <urn:ExtendedContractAttributes>
        <urn:AttributeName>sub</urn:AttributeName>
    </urn:ExtendedContractAttributes>
    <urn:ExtendedAttributesAdditionalProperties/>
</urn:AccessTokenManagerConfiguration>