<?xml version="1.0" encoding="UTF-8"?>
<con:config xmlns:con="http://www.sourceid.org/2004/05/config">
    <con:map name="scope-descriptions">
        <con:item name="address">address</con:item>
        <con:item name="phone">phone</con:item>
        <con:item name="openid">openid</con:item>
        <con:item name="profile">profile</con:item>
        <con:item name="oidc">oidc</con:item>
        <con:item name="email">email</con:item>
    </con:map>
    <con:item name="lastUpdated">1670410019160</con:item>
    <con:map name="scope-group-descriptions"/>
    <con:map name="scope-group-mappings"/>
    <con:list name="dynamic-common-scopes"/>
    <con:map name="exclusive-scope-descriptions">
        <con:item name="urn:pingidentity:directory-delegated-admin">DAScope</con:item>
    </con:map>
    <con:map name="exclusive-scope-group-descriptions"/>
    <con:map name="exclusive-scope-group-mappings"/>
    <con:list name="dynamic-exclusive-scopes"/>
    <con:item name="default-scope-description"/>
</con:config>