<?xml version="1.0" encoding="UTF-8"?>
<con:config xmlns:con="http://www.sourceid.org/2004/05/config">
    <con:item name="AutoCreateCertOnEngineNode">true</con:item>
    <con:list name="ActiveServerAliases">
        <con:ListItem>zo5m5b8fryw8z26w3xyl6elxi</con:ListItem>
    </con:list>
    <con:list name="ActiveAdminServerAliases">
        <con:ListItem>zo5m5b8fryw8z26w3xyl6elxi</con:ListItem>
    </con:list>
    <con:item name="DefaultActiveServerAlias">zo5m5b8fryw8z26w3xyl6elxi</con:item>
    <con:item name="DefaultActiveAdminServerAlias">zo5m5b8fryw8z26w3xyl6elxi</con:item>
</con:config>