<?xml version="1.0" encoding="UTF-8"?>
<config xmlns="http://www.sourceid.org/2004/05/config">
    <!--Dsig keystore information: name and password-->
    <item name="DsigKeystoreName">ping-dsig.jks</item>
    <item name="DsigKeystorePassword">eyJhbGciOiJkaXIiLCJlbmMiOiJBMTI4Q0JDLUhTMjU2Iiwia2lkIjoiOU81REN5bFlBaSIsInZlcnNpb24iOiIxMS4xLjIuMCJ9..IEKgqf95ur1kLkhefxpRog.8FaKeXaxYMaIEXjNE7nyy6ZSVArCyP1sJ1nak6BPg6U.aMSQTBCFV0mAaCoZbg_vBQ</item>
    <!--Do not modify-->
    <item name="DsigKeystoreType2">default</item>
    <!--Map of Dsig keystore aliases to passwords; the system uses this map
     to open private keys for generating signatures, X509
     authentication, etc. For each item, the name of the item maps
     to the alias of a private key, and the value of the item is the
     password to that particular key.-->
    <map name="DsigPrivateKeyPasswords">
        <item name="y68hg4kaedn0grxiceoz28nci">eyJhbGciOiJkaXIiLCJlbmMiOiJBMTI4Q0JDLUhTMjU2Iiwia2lkIjoiOU81REN5bFlBaSIsInZlcnNpb24iOiIxMS4xLjIuMCJ9..u1vUTB0Yd_jYlaXdCywU_g.vIIUb9CiAcdyhK00bEB2ggKoRlWw9OQrN2vdu7ssSR4.OZbI6283cWwfBUCtpeOWig</item>
        <item name="2ttg99h4hkta95wbmz695gh8m">eyJhbGciOiJkaXIiLCJlbmMiOiJBMTI4Q0JDLUhTMjU2Iiwia2lkIjoiOU81REN5bFlBaSIsInZlcnNpb24iOiIxMS4xLjIuMCJ9..3sVbrILCZacgtmeg8sAnAA.J2RnU3i6Hr2kE1NCjWIQCaFWpkyi3E5g9h43KLmwv0U.LA9gLKcsD9AsjFEYWaYLmQ</item>
    </map>
    <!--DSIG HSM Keystore information: name and password-->
    <item name="DsigHSMKeystoreName">ping-dsig.hsmks</item>
    <item name="DsigHSMKeystorePassword"/>
    <item name="DsigHSMKeystoreType2">default</item>
    <!--Map of Dsig keystore aliases to passwords; the system uses this map
     to open private keys for generating signatures, X509
     authentication, etc. For each item, the name of the item maps
     to the alias of a private key and the value of the item is the
     password to that particular key-->
    <map name="DsigHSMPrivateKeyPasswords"/>
    <!--SSL Keystore information: name and password-->
    <item name="SslKeystoreName">ping-ssl.jks</item>
    <item name="SslKeystorePassword">eyJhbGciOiJkaXIiLCJlbmMiOiJBMTI4Q0JDLUhTMjU2Iiwia2lkIjoiOU81REN5bFlBaSIsInZlcnNpb24iOiIxMS4xLjIuMCJ9..bF9KLxSN1Yuvxm7X7tklzg.HyGB8hHKbSCt7yjf9AAafZspzZV4wYvsjNRakYGfT-k.ZQb7hu99cHJcPdE_2hmRJA</item>
    <!--Do not modify-->
    <item name="SslKeystoreType2">default</item>
    <!--Map of SSL client auth keystore aliases to passwords; the system uses this map
     to open private keys for generating signatures, X509
     authentication, etc. For each item, the name of the item maps
     to the alias of a private key and the value of the item is the
     password to that particular key-->
    <map name="SslPrivateKeyPasswords"/>
    <!--SSL HSM Keystore information: name and password-->
    <item name="SslHSMKeystoreName">ping-ssl.hsmks</item>
    <item name="SslHSMKeystorePassword"/>
    <!--Do not modify-->
    <item name="SslHSMKeystoreType2">default</item>
    <!--Map of SSL client auth keystore aliases to passwords; the system uses this map
     to open private keys for generating signatures, X509
     authentication, etc. For each item, the name of the item maps
     to the alias of a private key and the value of the item is the
     password to that particular key-->
    <map name="SslHSMPrivateKeyPasswords"/>
    <!--SSL Server Keystore information: name and password-->
    <item name="SslServerKeystoreName">ping-ssl-server.jks</item>
    <item name="SslServerKeystorePassword">eyJhbGciOiJkaXIiLCJlbmMiOiJBMTI4Q0JDLUhTMjU2Iiwia2lkIjoiOU81REN5bFlBaSIsInZlcnNpb24iOiIxMS4xLjIuMCJ9..I6Hx99tJnfqrqCM9MBQbFg.lxyFi9Tto_Nx-6udTDEMIrfc6rO9-3Rxg4zh1eTtXcY.JH4naC8lNdeakgbvFN1VPg</item>
    <!--Do not modify-->
    <item name="SslServerKeystoreType2">default</item>
    <!--Map of SSL Server keystore aliases to passwords; the system uses this map
         to open private keys for generating signatures, X509
         authentication, etc. For each item, the name of the item maps
         to the alias of a private key and the value of the item is the
         password to that particular key-->
    <map name="SslServerPrivateKeyPasswords">
        <item name="u603a81wwgigkf555v2eec15q">eyJhbGciOiJkaXIiLCJlbmMiOiJBMTI4Q0JDLUhTMjU2Iiwia2lkIjoiOU81REN5bFlBaSIsInZlcnNpb24iOiIxMS4xLjIuMCJ9..20QlBeNnK430G6TTEfaGbQ.ezWfZlANSGM1IeZr-vJk5c00CkDep3BZ4Om22iKef7M.GHB2vJedCWgOo-0fciJTzw</item>
        <item name="is75xgin2d7trzmafllnij83v">eyJhbGciOiJkaXIiLCJlbmMiOiJBMTI4Q0JDLUhTMjU2Iiwia2lkIjoiOU81REN5bFlBaSIsInZlcnNpb24iOiIxMS4xLjIuMCJ9..j2rZ2ca1J2ilzl0aGO2unw.GlgtIGez2B_H5nILqYGyS8M5_sUPOXG8fOXixkg_tSY.7KrGOhMGP7Hy-l3Pk_jgXg</item>
        <item name="zo5m5b8fryw8z26w3xyl6elxi">eyJhbGciOiJkaXIiLCJlbmMiOiJBMTI4Q0JDLUhTMjU2Iiwia2lkIjoiOU81REN5bFlBaSIsInZlcnNpb24iOiIxMS4yLjAuNiJ9..MHnEPvSfetHGSf9PsQwQig.mc_FXJY_lY5rjgzviaNpONOWXKyyBjZfytmEmtceeII.KtrOSlL3RNF6ufiOYkmjCQ</item>
    </map>
    <!--SSL HSM Server Keystore information: name and password-->
    <item name="SslServerHSMKeystoreName">ping-ssl-server.hsmks</item>
    <item name="SslServerHSMKeystorePassword"/>
    <!--Do not modify-->
    <item name="SslServerHSMKeystoreType2">default</item>
    <!--Map of SSL Server keystore aliases to passwords; the system uses this map
         to open private keys for generating signatures, X509
         authentication, etc. For each item, the name of the item maps
         to the alias of a private key and the value of the item is the
         password to that particular key-->
    <map name="SslServerHSMPrivateKeyPasswords"/>
    <!--Truststore Keystore information: name and password-->
    <item name="TrustKeystoreName">ping-trust.jks</item>
    <item name="TrustKeystorePassword">eyJhbGciOiJkaXIiLCJlbmMiOiJBMTI4Q0JDLUhTMjU2Iiwia2lkIjoiOU81REN5bFlBaSIsInZlcnNpb24iOiIxMS4xLjIuMCJ9..62kd0aos7kcbl7IT3lkOKw.ZTvVi4XV4y1ADU5Z2iRnKCpOcMAbrmVHembqBvMvKL0.iOAOTGy9cOUUp-qnqL6WAA</item>
    <!--You can specify a key store type here. Available keystore types are
          JKS     - Java Keystore
          nCipher.sworld - nCipher keystore
          default - let the system select a keystore type for you. For Luna HSM 6, JKS is used.
                    For nCipher, nCipher.sworld is used. Otherwise, JKS is used-->
    <item name="TrustKeystoreType2">default</item>
    <!--Truststore HSM Keystore information: name and password-->
    <item name="TrustHSMKeystoreName">ping-trust.hsmks</item>
    <item name="TrustHSMKeystorePassword"/>
    <!--You can specify a key store type here. Available keystore types are
          JKS     - Java Keystore
          nCipher.sworld - nCipher keystore
          default - let the system select a keystore type for you. For Luna HSM 6, JKS is used.
                    For nCipher, nCipher.sworld is used. Otherwise, JKS is used-->
    <item name="TrustHSMKeystoreType2">default</item>
    <!--General keystore information: name and password-->
    <item name="GeneralKeystoreName">ping-general.jks</item>
    <item name="GeneralKeystorePassword">eyJhbGciOiJkaXIiLCJlbmMiOiJBMTI4Q0JDLUhTMjU2Iiwia2lkIjoiOU81REN5bFlBaSIsInZlcnNpb24iOiIxMS4xLjIuMCJ9..8Nj22Yk62mcOeOAPWkNOiQ.HColtEGKgE_ptEG8oIaxkAnhuqIANQ5lvKFJ-2gWw_k.zkMSoJs4XyihQ2HqGwLYFQ</item>
    <!--Do not modify-->
    <item name="GeneralKeystoreType2">default</item>
    <!--Map of General keystore aliases to passwords; the system uses this map
     to open private keys for generating signatures, X509
     authentication, etc. For each item, the name of the item maps
     to the alias of a private key, and the value of the item is the
     password to that particular key.-->
    <map name="GeneralPrivateKeyPasswords"/>
    <!--General HSM keystore information: name and password-->
    <item name="GeneralHSMKeystoreName">ping-general.hsmks</item>
    <item name="GeneralHSMKeystorePassword"/>
    <!--Do not modify-->
    <item name="GeneralHSMKeystoreType2">default</item>
    <!--Map of General keystore aliases to passwords; the system uses this map
     to open private keys for generating signatures, X509
     authentication, etc. For each item, the name of the item maps
     to the alias of a private key, and the value of the item is the
     password to that particular key.-->
    <map name="GeneralHSMPrivateKeyPasswords"/>
</config>